{
  "assetsByChunkName": {
    "vendors~app-account~app-confirmation~app-order": "chunk.dd094bf2e42c3ed7a3d1.js",
    "vendors~app-account~app-checkout": "chunk.053dc6a47d9eb76d1439.js",
    "vendors~app-cart~app-checkout": "chunk.f5c0a29ff5887c29f384.js",
    "admin": [
      "admin.efa46c9e6d8c0c2fcbf9.js",
      "admin.efa46c9e6d8c0c2fcbf9.js.map"
    ],
    "app-account": "chunk.bbb21cd4baf10255d416.js",
    "app-checkout": "chunk.59067ced1087a0513955.js",
    "app-confirmation": "chunk.f37cebd22e91e005555f.js",
    "checkout": [
      "checkout.684be0087bc664e8b680.js",
      "checkout.684be0087bc664e8b680.js.map"
    ],
    "storefront": [
      "storefront.10eb7b99074bc57a0ec6.css",
      "storefront.29814a659b3c01a06230.js",
      "storefront.10eb7b99074bc57a0ec6.css.map",
      "storefront.29814a659b3c01a06230.js.map"
    ],
    "vendors~app-cart": "chunk.21e968046c5d477f06d8.js",
    "vendors~app-order": "chunk.d72632cbcd1feaf2084e.js"
  }
}