{
  "meta_title": "Noguti Chinelos",
  "meta_description": "",
  "sections": [
    {
      "type": "banner-slider",
      "autoplay": 10000,
      "full_width": true,
      "slides": [
        {
          "start": "2025-10-01T20:02:52.639Z",
          "end": "2025-12-31T03:00:00.000Z",
          "img": "/img/uploads/banners-desktop.png",
          "link": "https://nogutichinelos.com.br/app/#/cart",
          "mobile_img": "/img/uploads/cupom-bemvindo5.png"
        },
        {
          "start": "2025-06-18T11:37:13.762Z",
          "end": "2025-12-31T17:42:45.732Z",
          "img": "/img/uploads/img_8531.png",
          "mobile_img": "/img/uploads/banners-mobile-frete-.png",
          "link": "https://nogutichinelos.com.br/todososprodutos"
        },
        {
          "start": "2025-04-06T01:21:07.753Z",
          "end": "2025-12-31T03:00:00.000Z",
          "mobile_img": "/img/uploads/21.png",
          "img": "/img/uploads/79.png",
          "link": "https://nogutichinelos.com.br/todososprodutos"
        },
        {
          "start": "2025-02-07T17:43:47.062Z",
          "end": "2026-12-11T03:00:00.000Z",
          "img": "/img/uploads/lancamentozendesktop.png",
          "mobile_img": "/img/uploads/slide-zen.png",
          "link": "https://nogutichinelos.com.br/lancamento-zen"
        }
      ]
    },
    {
      "type": "info-bar",
      "enabled": true
    },
    {
      "type": "collection-shelf",
      "shuffle": false,
      "limit": 3,
      "page": 1,
      "collection_id": "67f1e460ef51eb1c90c6f515:categories:Lançamento ZEN:/lancamento-zen",
      "title": "Lançamento: nova slide ZEN!"
    },
    {
      "type": "responsive-banner",
      "img": "/img/uploads/lancamentozendesktop.png",
      "link": "https://nogutichinelos.com.br/lancamento-zen",
      "mobile_img": "/img/uploads/slide-zen.png"
    },
    {
      "type": "collection-shelf",
      "shuffle": false,
      "limit": 24,
      "page": 1,
      "collection_id": "6776fa88a0c96d5393f4ba0f:categories:Lançamentos:/lancamentos",
      "title": "Novas estampas! 💐"
    },
    {
      "type": "banner-slider",
      "autoplay": 9000,
      "full_width": true,
      "slides": [
        {
          "start": "2025-10-01T20:03:40.695Z",
          "end": "2025-12-31T17:32:20.106Z",
          "img": "/img/uploads/promocao.jpg",
          "mobile_img": "/img/uploads/2.png"
        }
      ]
    },
    {
      "type": "collection-shelf",
      "shuffle": true,
      "collection_id": null,
      "sort": "sales",
      "title": "Mais vendidos 🚀",
      "headless": false,
      "limit": 12,
      "page": 1
    },
    {
      "type": "page-title",
      "title": "Todas as categorias",
      "description": "conforto e estilo garantidos! "
    },
    {
      "type": "category-carousel",
      "limit": 5,
      "offset": 0,
      "autoplay": 0,
      "sort": "name"
    },
    {
      "type": "collection-shelf",
      "shuffle": true,
      "limit": 12,
      "page": 1,
      "collection_id": "63dc692cb9e5be077850e494:categories:Spiders:/spiders",
      "link": "https://nogutichinelos.com.br/spiders",
      "title": "Spiders 🕷️💖"
    },
    {
      "type": "page-title",
      "title": "Você conhece os benefícios dos chinelos de palha? ",
      "description": ""
    },
    {
      "type": "banners-grid",
      "banners": [
        {
          "img": "/img/uploads/beneficios1.png",
          "link": "/todososprodutos",
          "mobile_img": "/img/uploads/beneficios1.png"
        },
        {
          "img": "/img/uploads/beneficios-dos-chinelos.png",
          "mobile_img": "/img/uploads/beneficios-dos-chinelos.png",
          "link": "/todososprodutos"
        }
      ]
    },
    {
      "type": "collection-shelf",
      "shuffle": false,
      "limit": 12,
      "page": 1,
      "sort": "offers",
      "link": "/ofertas",
      "title": "Ofertas 🤩"
    },
    {
      "type": "page-title",
      "title": "Gostou dos nossos produtos?",
      "description": " Leve a gente para a sua festa de casamento, aniversário, formatura... Assim seu evento será inesquecível!"
    },
    {
      "type": "banner-slider",
      "autoplay": 3000,
      "full_width": true,
      "slides": [
        {
          "start": "2024-12-23T00:40:17.754Z",
          "end": "2025-10-01T00:40:15.282Z",
          "img": "/img/uploads/29.png",
          "link": "https://noguti.com.br/",
          "mobile_img": "/img/uploads/casamento-mobile.jpg"
        },
        {
          "start": "2023-12-11T21:58:38.513Z",
          "end": "2024-12-31T21:03:01.550Z",
          "img": "/img/uploads/30.png",
          "link": "https://noguti.com.br/",
          "mobile_img": "/img/uploads/casamento-mobile-2.jpg"
        }
      ]
    },
    {
      "type": "collection-shelf",
      "shuffle": false,
      "limit": 12,
      "page": 1,
      "sort": "views",
      "collection_id": "617f1184239b7206d3fac8fd:categories:Todos os produtos:/todososprodutos",
      "title": "Todos os produtos 😍",
      "link": "/todososprodutos"
    },
    {
      "type": "page-title",
      "title": "Categorias em destaque"
    },
    {
      "type": "banners-grid",
      "banners": [
        {
          "img": "/img/uploads/1.jpg",
          "mobile_img": "/img/uploads/1.jpg",
          "link": "https://nogutichinelos.com.br/slides"
        },
        {
          "img": "/img/uploads/2.jpg",
          "link": "https://nogutichinelos.com.br/chinelos",
          "mobile_img": "/img/uploads/2.jpg"
        },
        {
          "img": "/img/uploads/3.jpg",
          "link": "https://nogutichinelos.com.br/spiders",
          "mobile_img": "/img/uploads/3.jpg"
        },
        {
          "img": "/img/uploads/design-sem-nome-3-.png",
          "mobile_img": "/img/uploads/design-sem-nome-3-.png",
          "link": "https://nogutichinelos.com.br/pantufas"
        }
      ]
    },
    {
      "type": "page-title",
      "title": "Siga a nossa página no Instagram! ",
      "description": "e fique por dentro de todas as novidades :)"
    },
    {
      "type": "custom-html",
      "html": "<!-- Place <div> tag where you want the feed to appear -->\n<div id=\"curator-feed-default-feed-layout\"><a href=\"https://curator.io\" target=\"_blank\" class=\"crt-logo crt-tag\">Powered by Curator.io</a></div>\n\n<!-- The Javascript can be moved to the end of the html page before the </body> tag -->\n<script type=\"text/javascript\">\n/* curator-feed-default-feed-layout */\n(function(){\nvar i,e,d=document,s=\"script\";i=d.createElement(\"script\");i.async=1;i.charset=\"UTF-8\";\ni.src=\"https://cdn.curator.io/published/cc6df27a-37ad-442f-b872-834876133cc2.js\";\ne=d.getElementsByTagName(s)[0];e.parentNode.insertBefore(i, e);\n})();\n</script>"
    },
    {
      "type": "review-carousel",
      "autoplay": 9000,
      "reviews": [
        {
          "nome": "Marcia Santos",
          "texto": "\"E nem cheiro nos pés, transpiro muito em meus pés e descasca com sandália de borracha, com essa sandália diminuiu muito meu problema.\""
        },
        {
          "nome": "Mara Mazzei",
          "texto": "\"Adoro. Moro na praia e combina com tudo, não tiro dos pés.\""
        },
        {
          "nome": "Debora Claro",
          "texto": "\"Empresa séria, entregou o produto certinho! Maravilhoso o produto.\""
        },
        {
          "nome": "Marilene Locatelli",
          "cidade": "",
          "texto": "\"Recebi os chinelos e ameiiii...lindos, uma delícia p usar, bem embalados,super obrigada!!!!!\""
        },
        {
          "nome": "Carolina Idem",
          "cidade": "",
          "texto": "\"Mais uma vez todas amaram muito os chinelos, eles são lindos e extremamente confortáveis!! Me surpreenderam novamente depois de 9 anos da minha festa de 15 anos. Espero ainda contar com vocês para outros momentos importantes da minha vida. Muuito obrigada por toda atenção, dedicação e cuidados em nos atender.\"",
          "img": ""
        },
        {
          "texto": "\"Gostaria de agradecer. Acabei de receber o pedido. Impecavelmente perfeito. Contabilidade precisa de todos os chinelos e de todo o pedido. Pedido entregue rápido, antes do esperado. Eu amo perfeição e precisão. E vcs foram além disso. Muito obrigada. Era um pedido imenso, hj em dia ninguém tem atenção em nada, pela primeira vez eu senti o cuidado em cada detalhe de uma comerciante dedicada no que faz. Parabéns a vc e toda sua equipe. De tirar o chapéu!\"",
          "nome": "Aline"
        },
        {
          "nome": "Inês Oliveira ",
          "texto": "\"Realmente, são formidáveis, eu não acreditava que tiraria as dores dos meus pés. Comprei por curiosidade e estou amando.\""
        }
      ],
      "title": "O que nossos clientes estão dizendo"
    }
  ]
}