{
  "sections": [
    {
      "type": "breadcrumbs",
      "enabled": true
    },
    {
      "type": "product-block",
      "enabled": true,
      "size_guide": {
        "image": "",
        "title": ""
      }
    },
    {
      "type": "custom-content",
      "markdown": "![](/img/uploads/tabela-de-medidas.jpg)"
    },
    {
      "type": "product-description",
      "enabled": true
    },
    {
      "type": "product-specifications",
      "enabled": true
    },
    {
      "type": "recommended-products",
      "title": "Quem comprou este produto, também comprou:"
    }
  ]
}